{"cameraMode":{"drawMode":0,"name":"Shaded","section":"Shading Mode"},"sceneLighting":true,"audioPlay":false,"sceneViewState":{"m_AlwaysRefresh":false,"showFog":true,"showSkybox":true,"showFlares":true,"showImageEffects":true,"showParticleSystems":true,"showVisualEffectGraphs":true,"m_FxEnabled":true},"in2DMode":false,"pivot":{"x":-8.801020622253418,"y":-13.333346366882325,"z":21.570289611816408},"rotation":{"x":0.1944531947374344,"y":-0.26365822553634646,"z":0.05235687643289566,"w":0.9438104033470154},"size":20.241849899291993,"orthographic":false}